Ile wierszy,Ile atrybutów,Ilość pustych wartości,Minimalna ilość pustych w kolumach,Średnia ilosc pustych w kolumnach,Maksymalna ilosc pustych w kolumnach,Minimalna srednia w kolumnach,Srednia średnich,Maksymalna srednia w kolumnach,Minimalna mediana,Średnia mediana danych,Maksymalna mediana,Minimalna moda,Średnia moda danych,Maksymalna moda,Minimalne odchylenie standardowe,Średnie odchylenie standardowe,Maksymalne odchylenie standardowe,Minimalna wariancja,Średnia wariancja,Maksymalna wariancja,Minimalna skośność,Średnia skośność,Maksymalna skośność,Minimalna kurtoza,Średnia kurtoza,Maksymalna kurtoza,Minimalna wartosc danych,Maksymalna wartość w danych,Minimalny kwartyl 25%,Średni kwartyl 25%,Maksymalny kwartyl 25%,Minimalny kwartyl 50%,Średni kwartyl 50%,Maksymalny kwartyl 50%,Minimalny kwartyl 75%,Średni kwartyl 75%,Maksymalny kwartyl 75%,Minimalny rozstęp,Średni rozstęp,Maksymalny rozstęp,Ilość unikalnych wartości atrybutu decyzyjnego,Minimalna liczba unikalnych wartości,Średnia ilość unikalnych wartości atrybutów,Maksymalna liczba unikalnych wartości,Rozkład normalny Shapiro,Rozkład normalny D’Agostino’s,Rozkład normalny Anderson-Darling,Metoda_metryka,Parametr,Wynik miary
1830,33,0,0,0.0,0,-0.0001,0.0736,2.406,-0.0001,0.0608,2.0,-0.0012,0.0303,1.0,0.0001,0.0422,1.2963,0.0,0.0509,1.6803,-1.4909,0.931,5.3923,-0.9107,26.4234,76.0682,-0.0823,5.0,-0.0017,0.0301,1.0,-0.0001,0.0608,2.0,0.0,0.092,3.0,0.0016,0.159,4.0,5,5,1725.1818,1829,0,0,0,Agglomerative cosine,7.0,0.82
740,21,0,0,0.0,0,0.0541,47.8363,271.4902,0.0,47.5357,264.249,0.0,42.9141,222.196,0.2263,9.5963,66.9522,0.0512,329.2214,4482.6002,-1.2617,1.0402,5.7207,-1.9305,3.6204,38.7773,0.0,388.0,0.0,41.3041,244.387,0.0,47.5357,264.249,0.0,54.0103,294.217,1.0,42.4746,270.0,0,2,15.381,38,0,0,0,KMeans cosine,6.0,0.42
625,5,0,0,0.0,0,2.3824,2.8765,3.0,2.0,2.8,3.0,1.0,1.2,2.0,0.6274,1.2578,1.4153,0.3936,1.6813,2.0032,-0.5059,-0.1012,0.0,-1.3008,-1.1693,-0.6435,1.0,5.0,2.0,2.0,2.0,2.0,2.8,3.0,3.0,3.8,4.0,2.0,3.6,4.0,3,3,4.6,5,0,1,0,KMeans cosine,2.0,0.34
1372,5,0,0,0.0,0,-1.1917,0.6013,1.9224,-0.5866,0.5692,2.3197,-4.4552,-0.7263,1.2421,0.4971,3.124,5.869,0.2471,13.1529,34.4457,-1.0222,-0.0508,1.0886,-1.953,-0.2748,1.2705,-13.7731,17.9274,-2.4134,-1.4939,0.0,-0.5866,0.5692,2.3197,0.3948,2.842,6.8146,1.0,15.1606,26.7247,2,2,1004.4,1338,0,0,0,KMeans cosine,4.0,0.53
1055,43,0,0,0.0,0,-0.1971,2.6592,37.0556,0.0,2.2,37.5,0.0,1.8285,33.3,0.0301,1.5677,11.8959,0.0009,7.7533,141.5122,-1.7622,3.6918,26.846,-1.5288,43.6122,812.724,-5.256,147.0,-0.191,1.718,30.45,0.0,2.2,37.5,0.0,3.1745,43.4,0.354,15.8328,147.0,2,2,197.7381,1022,0,0,0,Agglomerative cosine,2.0,0.92
699,11,16,0,1.4545,16,1.5894,97430.4525,1071704.0987,1.0,106520.6364,1171710.0,1.0,107492.4545,1182404.0,0.9513,56101.9485,617095.7298,0.9049,34618830893.8739,380807139761.1464,0.5929,2.5133,13.6753,-1.5761,24.6668,257.7172,1.0,13454352.0,1.0,79154.7727,870688.5,1.0,106520.6364,1171710.0,1.0,112576.5455,1238298.0,2.0,1217527.3636,13392718.0,2,2,67.0909,645,0,0,0,Agglomerative cosine,2.0,0.98
249,7,0,0,0.0,0,11.988,99.2838,124.5181,12.0,95.1667,119.0,12.0,86.0,143.0,6.6165,31.8398,45.6394,43.7781,1167.4864,2082.9523,0.2765,0.566,0.7918,-1.2103,-0.2384,0.5364,2.0,318.0,6.0,73.8333,93.0,12.0,95.1667,119.0,18.0,120.3333,153.0,23.0,156.0,266.0,0,14,65.1667,83,0,1,0,KMeans cosine,2.0,0.41
325,180,0,0,0.0,0,0.0154,0.1208,0.28,0.0,0.0,0.0,0.0,0.0,0.0,0.1233,0.3092,0.4497,0.0152,0.1023,0.2022,0.9845,2.8452,7.9116,-1.0372,8.3029,60.968,0.0,1.0,0.0,0.0,0.0,0.0,0.0,0.0,0.0,0.0167,1.0,1.0,1.0,1.0,0,2,2.0,2,0,1,0,DBScan cosine,0.31,0.34
1473,10,0,0,0.0,0,0.074,5.1054,32.5384,0.0,5.1,32.0,0.0,4.4,25.0,0.2619,1.6186,8.2272,0.0686,7.7799,67.6876,-1.9695,-0.1064,3.2581,-1.681,0.6697,8.627,0.0,49.0,0.0,3.8,26.0,0.0,5.1,32.0,0.0,6.3,39.0,1.0,6.6,33.0,0,2,7.4,34,0,0,0,KMeans cosine,9.0,0.27
1080,82,1396,0,17.0244,285,0.1209,0.7475,4.3472,0.1205,0.7189,4.0,-0.062,0.6106,4.18,0.0132,0.197,2.3054,0.0002,0.1413,5.3149,-0.882,0.7504,4.7389,-2.0006,4.2652,62.5485,-0.062,8.4826,0.1036,0.5969,3.1603,0.1205,0.7189,4.0,0.1277,0.8749,6.0,0.0915,1.1832,7.0,8,2,1010.0741,1080,0,0,0,Agglomerative cosine,6.0,0.93
180,500,0,0,0.0,0,0.2056,0.8969,3.5278,0.0,0.363,1.0,0.0,0.0,0.0,0.7014,1.5122,14.5273,0.492,3.7694,211.0432,0.8962,2.8372,13.1267,0.085,16.0528,174.6879,0.0,181.0,0.0,0.0,0.0,0.0,0.363,1.0,0.0,1.2065,3.0,3.0,11.186,181.0,0,4,7.39,22,0,1,0,Agglomerative cityblock,8.0,0.27
768,9,0,0,0.0,0,0.349,40.0261,120.8945,0.0,34.0969,117.0,0.0,24.9171,99.0,0.3313,22.9274,115.244,0.1098,1682.7448,13281.1801,-1.8436,0.541,2.2723,-1.6009,2.2891,7.2143,0.0,846.0,0.0,23.7271,99.0,0.0,34.0969,117.0,0.6262,51.6363,140.25,1.0,157.0491,846.0,2,2,139.5556,517,0,0,0,Agglomerative cosine,2.0,0.63
1000,25,0,0,0.0,0,0.022,4.7865,35.546,0.0,4.04,33.0,0.0,3.8,27.0,0.1468,2.6218,28.2526,0.0215,43.4069,798.2097,-2.8069,1.0356,6.5272,-1.8501,3.6792,40.6862,0.0,184.0,0.0,2.96,27.0,0.0,4.04,33.0,0.0,5.84,42.0,1.0,13.92,182.0,2,2,11.0,125,0,0,0,Agglomerative euclidean,6.0,0.45
1420,15,0,0,0.0,0,-197.8254,-110.8958,710.5,-200.0,-122.9667,710.5,-200.0,-171.0667,33.0,16.2591,57.6085,410.063,264.3585,12423.6321,168151.6667,0.0,3.6953,7.3827,-1.5307,19.5185,52.774,-200.0,1420.0,-200.0,-147.8833,355.75,-200.0,-122.9667,710.5,-200.0,-81.65,1065.25,104.0,223.6667,1419.0,0,14,120.8667,1420,0,0,0,Agglomerative cosine,11.0,0.44
150,5,0,0,0.0,0,1.1987,3.1709,5.8433,1.3,3.29,5.8,0.2,2.14,5.0,0.4336,0.9217,1.7644,0.188,1.0481,3.1132,-0.2745,0.0539,0.3341,-1.5101,-0.9026,0.2908,0.1,7.9,0.3,2.16,5.1,1.3,3.29,5.8,1.8,3.92,6.4,2.0,3.26,5.9,3,3,25.2,43,0,1,0,KMeans cosine,8.0,0.42
25,15,0,0,0.0,0,-202.34,-86.9442,0.2,-232.82,-95.712,0.0,-274.27,-117.9133,0.0,0.4082,33.169,75.1309,0.1667,1820.2392,5644.6573,0.6885,1.2532,1.5975,-0.6187,0.1052,0.5929,-274.27,1.0,-264.81,-112.5973,0.0,-232.82,-95.712,0.0,-178.7,-80.1027,0.0,1.0,99.1373,219.38,0,2,17.2667,25,0,1,0,KMeans euclidean,2.0,0.75
1599,12,0,0,0.0,0,0.0875,7.5009,46.4678,0.079,6.5905,38.0,0.0,4.9398,28.0,0.0019,4.0682,32.8953,0.0,99.8372,1082.1024,-0.1393,1.5312,5.6803,-1.9831,7.4511,41.7158,0.0,289.0,0.0,4.4005,22.0,0.079,6.5905,38.0,0.09,9.4315,62.0,0.0136,32.7844,283.0,2,2,121.25,436,0,0,0,Agglomerative euclidean,5.0,0.56
1151,20,0,0,0.0,0,0.0372,14.7355,64.0967,0.0,12.1925,44.2491,0.0,4.2707,16.0,0.0179,11.4653,58.4853,0.0003,342.8268,3420.5291,-16.8967,1.9539,11.9643,-1.9881,47.2568,283.9909,0.0,403.9391,0.0,5.707,22.2716,0.0,12.1925,44.2491,0.0039,20.985,87.8041,0.1613,75.4745,403.5898,2,2,469.55,1141,0,0,0,Agglomerative cosine,6.0,0.59
811,107,0,0,0.0,0,0.2076,4.7082,16.3083,0.0,2.0417,9.0,0.0,0.0189,2.0,0.2143,6.1973,17.1506,0.0459,73.5289,294.1444,0.1937,1.0744,1.7203,-1.1632,0.5292,2.4246,0.0,73.0,0.0,0.1104,3.0,0.0,2.0417,9.0,0.33,6.3262,21.0,1.0,27.9811,73.0,0,25,66.5,94,0,1,0,Agglomerative cosine,7.0,0.76
70,206,0,0,0.0,0,0.0,0.2146,12.2571,0.0,0.1117,12.0,0.0,0.1117,13.0,0.0,0.2695,3.6263,0.0,0.1718,13.1503,-1.3213,1.5829,8.3666,-2.0562,5.4636,70.0,0.0,22.0,0.0,0.0643,9.0,0.0,0.1117,12.0,0.0,0.3034,15.0,0.0,0.7913,16.0,7,1,1.7767,14,0,0,0,Agglomerative cityblock,2.0,0.36
108,325,0,0,0.0,0,0.0093,0.0185,0.0741,0.0,0.0,0.0,0.0,0.0,0.0,0.0962,0.1307,0.2631,0.0093,0.0182,0.0692,3.2987,8.021,10.3923,9.0486,67.8456,108.0,0.0,1.0,0.0,0.0,0.0,0.0,0.0,0.0,0.0,0.0,0.0,1.0,1.0,1.0,0,2,2.0,2,0,1,0,Agglomerative cityblock,7.0,0.69
440,8,0,0,0.0,0,1.3227,4153.7503,12000.2977,1.0,2524.8125,8504.0,1.0,175.75,683.0,0.4681,5246.8431,12647.3289,0.2191,44873535.7417,159954927.4214,-1.2836,3.7964,11.1516,-1.4275,37.4983,170.6949,1.0,112151.0,1.0,1028.0,3127.75,1.0,2524.8125,8504.0,2.0,5510.1562,16933.75,1.0,53497.375,112148.0,0,2,316.875,433,0,0,0,Agglomerative cityblock,3.0,0.75
94,19,0,0,0.0,0,2.3511,113.0913,451.4787,2.0,106.7105,365.0,1.0,103.4211,334.0,1.1426,21.0609,174.6818,1.3055,1862.0208,30513.7361,-0.2828,0.8107,6.3774,-1.378,3.1927,53.2961,0.0,982.0,1.0,97.8816,329.75,2.0,106.7105,365.0,3.0,127.8421,576.0,3.0,94.3684,777.0,0,4,35.5789,86,0,1,0,KMeans cosine,8.0,0.45
5394,5,0,0,0.0,0,1.0,1611.5986,2367.3773,1.0,1617.25,2375.0,1.0,1618.5,2375.0,0.0,38.1348,57.9426,0.0,1964.5932,3357.3435,-6.659,-3.8089,0.0,0.0,31.1086,49.5767,1.0,2739.0,1.0,1612.75,2372.0,1.0,1617.25,2375.0,1.0,1620.5,2378.0,0.0,712.75,1095.0,1,1,213.25,303,0,0,0,KMeans cosine,9.0,0.69
6536,4,0,0,0.0,0,9.4061,23189739.3632,92758872.7567,9.2922,25135289.5866,100541078.0,-0.0957,37039461.7896,148157781.0,0.2843,8668377.0658,34673492.0369,0.0808,300562762507474.4,1202251050029661.5,-0.624,0.3148,1.2914,-0.8932,-0.0445,1.7578,-0.0957,155591012.0,5.9986,20809627.2024,83238437.0,9.2922,25135289.5866,100541078.0,9.9408,27341580.7493,109366229.0,1.1442,36337546.6185,145350077.0,0,934,4995.75,6536,0,1,0,DBScan euclidean,1271.0,0.94
6424,6,0,0,0.0,0,0.0593,95.8538,332.1785,0.06,66.0667,191.0,0.03,29.2783,138.0,0.035,90.9767,387.0523,0.0012,27962.2512,149809.5099,0.2276,1.5741,3.1332,-1.1844,3.8372,11.007,0.0,3502.0,0.03,38.635,124.0,0.06,66.0667,191.0,0.08,117.0671,335.0,0.37,684.4717,3481.0,0,28,679.5,2277,0,0,0,Agglomerative cosine,9.0,0.59
4585,26,0,0,0.0,0,-0.1648,0.9192,16.5413,-0.2435,0.984,18.0,-0.902,0.8402,22.0,0.0395,0.3905,5.8308,0.0016,1.3534,33.9983,-17.2957,-0.5949,2.3658,-0.3155,14.7784,350.9574,-0.902,24.0,-0.2992,0.6901,13.0,-0.2435,0.984,18.0,-0.1112,1.1572,21.0,0.6025,1.9752,23.0,0,2,3704.6154,4585,0,0,0,Agglomerative cosine,7.0,0.84
5464,18,179,0,9.9444,178,0.1389,812.9029,5397.1888,0.0,453.9331,4500.0,0.0,233.2259,3000.0,0.2037,1161.3777,3942.4205,0.0415,3165971.6079,15542679.6615,-3.7334,3.584,13.4158,-1.6472,48.3202,300.2415,0.0,76406.2075,0.0,183.0583,2200.0,0.0,453.9331,4500.0,0.1111,1016.3911,7500.0,1.0,19761.9025,76406.1884,0,7,1704.4706,5428,0,0,0,Agglomerative euclidean,13.0,0.67
2536,74,14938,0,201.8649,300,-10.5075,292.4361,10164.1787,-10.4,292.9579,10160.0,-10.58,292.1562,10150.0,0.1672,7.4713,77.4566,0.028,214.1115,5999.521,-1.3081,0.1604,7.3793,-0.9763,1.8729,77.7188,-135.0,10350.0,-20.0,287.8672,10130.0,-10.4,292.9579,10160.0,-7.4,297.7207,10190.0,0.99,47.1329,485.0,2,2,312.0685,1689,0,0,0,KMeans cosine,8.0,0.57
4601,60,0,0,0.0,0,0.0054,5.9546,283.2893,0.0,1.9317,95.0,0.0,0.1186,5.0,0.0763,14.6952,606.3479,0.0058,6892.9302,367657.7161,0.4338,10.8267,31.0621,-1.8126,232.9386,1480.6421,0.0,15841.0,0.0,0.7218,35.0,0.0,1.9317,95.0,0.0,5.4431,266.0,1.0,467.5203,15840.0,2,2,255.8983,2161,0,0,0,Agglomerative cosine,6.0,0.79
210,14,390,0,27.8571,103,0.5,210.6852,1412.467,0.0,132.245,941.45,0.0,198.8129,1412.47,1.4894,246.2793,1611.2643,2.2183,366702.602,2596172.7034,-3.596,0.8754,4.6704,-1.2076,5.059,21.8269,0.0,9869.7,0.0,50.3954,270.25,0.0,132.245,941.45,0.0,242.2389,1686.025,8.2,1483.5,9853.3,0,15,119.9286,210,0,1,0,Agglomerative euclidean,8.0,0.58
361,25,137,0,5.48,34,1.64,195.7419,707.9503,1.44,193.3696,707.95,0.0,137.0796,875.0,0.5133,79.1632,160.933,0.2635,7677.6324,25899.4147,-0.7181,0.2586,2.8062,-1.3658,-0.0119,13.8609,0.0,973.6,0.86,126.8704,594.41,1.44,193.3696,707.95,1.85,263.5448,875.0,4.24,286.4944,582.49,0,134,292.56,361,0,1,0,KMeans cosine,2.0,0.59
891,7,0,0,0.0,0,1.6801,145.1298,445.0,1.0,140.8143,445.0,0.0,39.5429,225.0,0.1622,86.8426,257.3538,0.0263,19468.7196,66231.0,-1.8856,-0.0098,0.8759,-1.2,0.4967,8.6348,0.0,890.0,1.0,70.6571,223.5,1.0,140.8143,445.0,2.0,217.9714,667.5,1.7,305.8143,890.0,0,3,308.4286,891,0,1,0,KMeans cosine,8.0,0.46
2617,14,0,0,0.0,0,-10.4364,17964.7964,250040.2935,-9.345,17149.3071,238618.8535,-14.112,5079.2098,71019.0,0.0773,6150.657,85310.495,0.006,519889434.1199,7277880549.8394,-2.1533,0.728,5.5928,-1.2,8.9663,69.9638,-37.719,1644773.3333,-12.3996,14816.8147,206644.9167,-9.345,17149.3071,238618.8535,-6.9846,19714.5748,273856.6999,0.9261,114323.2687,1597613.3333,0,2,2089.6429,2617,0,0,0,Agglomerative euclidean,2.0,0.94
100,15,0,0,0.0,0,-11.908,16447.9537,228161.9167,-11.7709,17087.1249,237101.4838,-19.18,12136.3838,167904.5417,0.0,1715.6542,23956.1297,0.0,40992677.3751,573896151.7866,-0.6998,0.1374,2.1499,-1.8001,-0.257,6.1203,-19.18,265659.718,-14.3046,15160.4155,210196.5193,-11.7709,17087.1249,237101.4838,-9.8045,17829.8736,247456.5781,0.0,6998.0449,97755.1763,0,1,86.2857,100,0,0,0,Agglomerative euclidean,2.0,0.64
5217,24,0,0,0.0,0,318.7961,1332.7717,2609.0,302.0,1269.6087,2609.0,1.0,10.2174,36.0,223.925,879.785,1506.1625,50142.3959,899279.3237,2268525.5,-0.4046,0.1585,0.558,-1.3894,-1.1457,-0.8147,1.0,5217.0,1.0,567.913,1305.0,302.0,1269.6087,2609.0,509.0,2083.4348,3913.0,713.0,2959.8261,5216.0,0,714,2960.8261,5217,0,0,0,DBScan cosine,0.06,0.55
9879,40,0,0,0.0,0,-33.6203,112503922.7886,4500084044.8455,-28.0,112774824.83,4510920346.0,-428.0,107385756.405,4295358071.0,0.2169,689697.211,27573278.4909,0.047,19007142841424.69,760285686737577.8,-1.4591,0.8299,5.5902,-2.0004,4.1387,39.8596,-11467.0,4527990640.0,-1596.0,112084109.7725,4483301169.0,-28.0,112774824.83,4510920346.0,0.0,113045387.2538,4521733208.5,1.0,5819118.06,232632569.0,0,2,1529.725,9879,0,0,0,Agglomerative euclidean,4.0,0.67
6080,14,0,0,0.0,0,0.8633,204.0863,1796.6442,1.0,165.5385,1708.5,1.0,8.4615,50.0,0.3435,184.96,1168.0736,0.118,133152.4366,1364395.8818,-2.1159,4.5825,51.7055,-1.1365,244.2658,3164.8552,0.0,24606.0,1.0,69.7692,761.0,1.0,165.5385,1708.5,1.0,301.5577,2757.25,1.0,2483.0,24596.0,0,2,625.0769,4069,0,0,0,Agglomerative cosine,5.0,0.65
924,20,470,0,23.5,228,0.3496,506.6067,6182.7045,0.0,273.767,2004.5,0.0,155.8674,2000.0,0.4771,931.1359,16795.9381,0.2276,14857039.8042,282103538.1231,-0.1946,1.0033,5.7028,-1.9098,2.4645,34.7939,0.0,132966.782,0.0,169.5681,1996.0,0.0,273.767,2004.5,1.0,441.0363,4194.214,1.0,7163.4991,132965.782,0,2,269.5263,915,0,0,0,Agglomerative euclidean,9.0,0.67
3519,18,10717,0,595.3889,3488,0.0051,155886344.3548,2650058778.4202,0.0,155886342.4259,2650058778.42,0.0,155886345.2494,2650058778.42,0.0713,49659679.2418,844211603.7063,0.0051,4.1923131284710776e+16,7.126932318323727e+17,-0.9358,5.8144,27.5981,-1.8412,120.0181,907.4721,0.0,7000000009.0,0.0,155886325.9388,2650058778.42,0.0,155886342.4259,2650058778.42,0.0,155886469.2035,2650058778.42,1.0,352941928.8235,6000000007.0,0,2,204.1765,2373,0,0,0,DBScan euclidean,1963567.0,0.9
7279,8,3245,0,405.625,3245,4.3275,304977171.3863,2439810101.6486,3.0,137500912.4462,1100000056.0,2.0,125000966.5378,1000000417.0,0.8815,246300439.327,1970400758.5667,0.7771,4.853098936709308e+17,3.882479149360276e+18,-1.1476,0.622,2.8459,-1.1179,0.8546,9.332,1.0,6100000090.0,2.0,125000944.6307,1000000351.0,3.0,137500912.4462,1100000056.0,5.0,512501089.1214,4100000029.0,3.1747,637501423.8642,5100000089.0,0,16,993.875,2760,0,0,0,Agglomerative euclidean,2.0,0.84
215,15,67,0,4.4667,67,1.3116,20642.9709,288655.4068,1.0,20642.6721,288655.41,1.0,20640.9364,288655.41,0.4642,5536.4371,77457.9001,0.2155,428551913.6184,5999726288.2041,-0.2358,0.5546,4.2888,-1.9931,1.0972,28.0124,1.0,940000.0,1.0,17879.1746,250000.0,1.0,20642.6721,288655.41,2.0,20645.8475,288655.41,1.0,52873.9207,740000.0,0,2,47.0,205,0,0,0,KMeans cityblock,5.0,0.68
53,7,0,0,0.0,0,1.0,8.8585,23.9623,0.0,8.1667,24.0,0.0,4.3333,21.0,0.0,5.4839,14.5879,0.0,52.3815,212.8062,-0.123,0.2078,0.9211,-1.3834,-0.9712,0.0,0.0,49.0,0.0,4.1667,12.0,0.0,8.1667,24.0,1.0,13.6667,36.0,0.0,18.3333,49.0,0,1,19.3333,50,0,1,0,Agglomerative cosine,2.0,0.87
244,12,0,0,0.0,0,1.2948,150.5562,1159.2582,1.0,59.711,300.0,0.0,28.1141,126.978,0.5929,680.4491,6384.1851,0.3515,3751962.2047,40757819.1964,-0.3583,5.2539,13.9486,-1.2663,73.2816,206.9555,0.0,94865.0,0.0,33.72,126.9277,1.0,59.711,300.0,1.6125,106.6991,694.5,3.99,10037.7722,94854.0,0,18,148.8182,243,0,0,0,Agglomerative cosine,2.0,0.98
1595,5,0,0,0.0,0,0.1928,0.6235,1.8257,0.0087,0.1031,0.1664,0.008,0.075,0.1386,0.4661,2.7196,9.1702,0.2172,21.2816,84.0921,6.511,18.4741,27.4946,46.452,518.2159,948.7201,0.0015,100.0,0.0063,0.072,0.1307,0.0087,0.1031,0.1664,0.0126,0.1619,0.2573,11.3244,38.5773,99.9985,0,370,975.5,1293,0,0,0,Agglomerative cosine,8.0,0.95
4000,85,0,0,0.0,0,0.0015,1.7525,24.253,0.0,1.7765,30.0,0.0,1.5882,33.0,0.0387,1.1571,13.0228,0.0015,3.6867,169.5939,-0.6901,6.4304,42.987,-1.9616,132.5081,2077.5513,0.0,41.0,0.0,0.8588,10.0,0.0,1.7765,30.0,0.0,2.4235,35.0,1.0,6.7412,40.0,0,2,7.2118,40,0,0,0,Agglomerative cosine,16.0,0.39
666,5,0,0,0.0,0,0.0,224.4399,1060.6862,0.0,194.0,925.0,0.0,28.4,140.0,0.0,164.1598,765.5656,0.0,117506.4802,586090.76,0.0,0.5703,1.953,-1.2302,0.1322,2.917,0.0,3056.0,0.0,101.4,485.0,0.0,194.0,925.0,0.0,299.5,1410.75,0.0,646.0,3024.0,0,1,138.6,517,0,0,0,Agglomerative cosine,2.0,0.87
148,5,0,0,0.0,0,0.0,979.5162,4773.027,0.0,906.8,4397.5,0.0,1307.6,6413.0,0.0,267.1477,1274.3435,0.0,325193.6387,1623951.455,-0.4687,-0.1321,0.0,-2.0276,-1.0705,0.0,0.0,6475.0,0.0,814.65,4004.5,0.0,906.8,4397.5,0.0,1276.05,6200.0,0.0,1016.8,4884.0,0,1,61.8,145,0,1,0,KMeans cosine,2.0,0.7
1972,6,0,0,0.0,0,5.7931,107.596,356.5685,0.0,16.6667,58.5,0.0,0.3333,1.0,4.9002,364.9448,1235.8258,24.0122,384494.1742,1527265.4438,0.0,2.6823,5.7523,-1.6717,12.848,33.2556,0.0,6865.0,0.0,5.9583,29.75,0.0,16.6667,58.5,0.0,42.5417,98.0,16.0,2256.6667,6865.0,0,2,155.1667,374,0,0,0,Agglomerative euclidean,9.0,0.86
116,7,0,0,0.0,0,5.7931,82623.5394,292991.6897,0.0,81022.2857,291181.5,0.0,4.2857,28.0,7.7229,71656.9596,250061.1529,59.6438,17366638051.7979,62530580177.642,-0.4173,0.1563,0.5815,-1.6913,-1.5616,-1.2,0.0,711484.0,0.0,2609.6786,9508.5,0.0,81022.2857,291181.5,16.0,152051.3571,535607.75,16.0,201771.0,711483.0,0,2,87.8571,116,0,0,0,Agglomerative cosine,9.0,0.77
5611,11,1161,0,105.5455,1161,0.0321,479.9532,2773.8073,0.0,479.011,2766.0,0.0,209.111,2017.0,0.0,163.3976,1606.7642,0.0,258196.4677,2581691.3477,-3.3482,0.6873,5.3123,-1.765,5.3459,26.2298,0.0,5564.0,0.0,340.03,2010.0,0.0,479.011,2766.0,0.0,619.42,4163.5,0.0,578.76,5563.0,0,1,582.8,5564,0,0,0,Agglomerative cosine,3.0,0.71
158,12,0,0,0.0,0,0.0479,14.6536,79.5,0.0439,14.7306,79.5,0.0,8.2339,82.0,0.0171,8.1093,45.7548,0.0003,349.7153,2093.5,-1.0069,0.1091,1.9834,-1.2,0.4026,5.9893,0.0,158.0,0.0373,7.7671,40.25,0.0439,14.7306,79.5,0.0523,21.6235,118.75,0.1184,28.1063,157.0,0,10,144.9167,158,0,1,0,Agglomerative cosine,4.0,0.85
155,12,0,0,0.0,0,0.1231,14.7847,78.0,0.0898,14.7799,78.0,0.0,1.0698,5.074,0.1017,7.917,44.8888,0.0103,336.2049,2015.0,-1.1811,-0.0502,1.4764,-1.2,-0.0407,1.7434,0.0,155.0,0.0573,8.0559,39.5,0.0898,14.7799,78.0,0.1533,21.4914,116.5,0.4643,27.6409,154.0,0,151,154.6667,155,0,1,1,Agglomerative cosine,6.0,0.83
3019,7,0,0,0.0,0,1.0,3597337.8111,21583912.1941,1.0,2886901.765,17321301.0,1.0,2765632.355,16593732.0,0.0,3210393.469,19262307.7848,0.0,61839416866399.98,371036501197696.8,0.0,1.9049,7.6225,0.0,18.9236,110.7458,1.0,438231658.0,1.0,2080052.7767,12480251.0,1.0,2886901.765,17321301.0,1.0,4187952.7717,25127569.0,0.0,72715475.365,436292597.0,0,1,1787.1667,3018,0,0,0,KMeans cosine,6.0,0.76
500,9,0,0,0.0,0,0.56,55.4368,316.472,0.72,55.535,317.0,0.71,55.2138,312.0,0.1411,2.71,11.2951,0.0199,21.0435,127.5804,-0.29,-0.0984,0.0956,-1.949,-0.8239,-0.4547,0.0,340.0,0.0,53.4072,308.0,0.72,55.535,317.0,0.82,57.4825,325.0,0.63,11.8438,50.0,0,2,43.5,184,0,0,0,KMeans cosine,7.0,0.7
36,4,0,0,0.0,0,-73.5447,-3.9736,37.0667,-86.4712,-7.4502,36.1704,-123.1193,-23.5863,25.7743,0.5,17.1159,51.6123,0.25,702.2262,2663.8346,0.0,0.4823,1.4862,-1.2,0.0509,1.2669,-123.1193,49.2497,-105.4013,-15.2213,32.7661,-86.4712,-7.4502,36.1704,-74.8743,-1.1565,40.9982,2.0,54.7028,158.3357,0,3,27.75,36,0,1,1,KMeans cosine,5.0,0.69
150,2,0,0,0.0,0,75.5,75.5,75.5,75.5,75.5,75.5,1.0,1.0,1.0,43.4454,43.4454,43.4454,1887.5,1887.5,1887.5,0.0,0.0,0.0,-1.2,-1.2,-1.2,1.0,150.0,38.25,38.25,38.25,75.5,75.5,75.5,112.75,112.75,112.75,149.0,149.0,149.0,0,150,150.0,150,0,1,0,Agglomerative euclidean,4.0,0.54
2200,14,200,0,14.2857,200,11.6486,434.6258,2014.3182,7.0,445.0231,2014.0,1.0,410.78,2014.0,0.7621,166.9187,305.7653,0.5808,42639.5902,93492.4301,-1.5406,0.2787,4.1849,-1.3505,1.3568,19.8355,1.0,2015.0,1.0,286.5931,2014.0,7.0,445.0231,2014.0,19.0,572.8688,2015.0,3.0,552.8185,1023.0,0,4,489.1538,1024,0,0,0,Agglomerative cosine,5.0,0.46
125,61,99,0,1.623,19,1.088,72.5938,1073.4,1.0,67.459,940.0,0.0,68.7541,1315.0,0.2844,23.2629,248.6671,0.0809,3430.9023,61835.3226,-2.0484,0.3978,3.4471,-2.0304,0.0984,12.6573,0.0,1315.0,1.0,55.0492,900.0,1.0,67.459,940.0,1.0,89.3607,1315.0,1.0,73.9672,740.0,0,2,26.7869,125,0,0,0,KMeans cosine,6.0,0.35
10841,13,1474,0,113.3846,1474,1.0739,593.1917,4466.8509,1.0,508.5538,4240.0,1.0,150.8608,1356.0,0.2623,448.8018,2842.6753,0.0688,917210.7309,8080802.6265,-0.3653,1.7445,9.24,-1.5952,15.4015,103.0296,0.0,9660.0,1.0,199.6231,1932.0,1.0,508.5538,4240.0,1.0,939.5,6950.0,3.0,1588.8462,9659.0,0,4,1591.5385,9660,0,0,0,Agglomerative cosine,2.0,0.72
401,35,1658,0,47.3714,194,0.0,34278638.2243,1199745348.7317,0.0,34278511.304,1199745348.73,0.0,34278629.59,1199745348.73,0.0,4594924.4297,160807126.0244,0.0,738826628621964.1,2.58589317802272e+16,-1.9384,0.7229,4.6555,-1.4923,1.7941,21.6582,0.0,1988299991.0,0.0,31543644.6117,1104025414.0,0.0,34278511.304,1199745348.73,0.0,37316183.6409,1306059197.0,0.0,39611368.3706,1386299679.0,0,1,53.5714,311,0,0,0,KMeans cosine,3.0,0.98
500,11,300,0,27.2727,300,1.154,129.476,943.2,1.0,134.41,1000.0,0.0,100.91,1000.0,0.3613,36.4021,144.4818,0.1305,4054.3085,20875.0,-2.7992,0.1434,1.9229,-1.7636,0.639,10.745,0.0,1000.0,1.0,112.9555,1000.0,1.0,134.41,1000.0,1.0,154.7736,1000.0,1.0,153.2727,700.0,0,2,85.2727,500,0,0,0,KMeans cosine,2.0,0.61
200,5,0,0,0.0,0,1.56,37.7925,60.56,2.0,37.375,61.5,2.0,32.5,54.0,0.4976,16.6387,26.2647,0.2476,388.0177,689.8356,-0.2436,0.1292,0.4856,-1.9604,-0.8893,-0.0985,1.0,137.0,1.0,26.5,41.5,2.0,37.375,61.5,2.0,50.5,78.0,1.0,68.25,122.0,0,2,50.25,84,0,1,0,KMeans cosine,2.0,0.62
260,24,0,0,0.0,0,0.2038,63.8155,495.75,0.0,45.75,340.0,0.0,12.625,180.0,0.4291,59.4276,577.0263,0.1842,17821.7737,332959.3774,-0.9901,1.632,5.5022,-1.348,6.2873,35.2507,0.0,3600.0,0.0,22.349,210.0,0.0,45.75,340.0,0.0,96.9167,865.0,2.5,383.8542,3600.0,0,5,55.25,260,0,1,0,Agglomerative euclidean,4.0,0.62
8124,23,0,0,0.0,0,1.0,2.2944,5.2742,1.0,2.1739,5.0,1.0,2.2174,9.0,0.0,1.0295,2.6697,0.0,1.5093,7.127,-0.8453,1.0392,7.3082,-1.9953,4.0911,56.0647,1.0,12.0,1.0,1.4783,4.0,1.0,2.1739,5.0,1.0,3.0435,7.0,0.0,4.1739,11.0,2,1,5.1739,12,0,0,0,Agglomerative cityblock,4.0,0.39
3020,7,1,0,0.1429,1,1.0,1894396.8332,11366260.3758,1.0,1599956.2192,9599642.0,1.0,1537743.74,9226400.0,0.0,1141903.0583,6851349.5814,0.0,7823498514675.731,46940991086872.09,0.0,0.9807,3.4374,-1.1134,2.9265,21.9819,1.0,86377976.0,1.0,1202417.2542,7214442.0,1.0,1599956.2192,9599642.0,1.0,2255025.6267,13529962.0,0.0,14257387.005,85544090.0,0,1,1842.3333,3018,0,0,0,KMeans cosine,2.0,0.76
429,25,5166,0,206.64,426,0.0,578.3135,1355.7408,0.0,171.4573,1355.74,0.0,563.6776,1355.74,0.0,1838.8889,4152.1605,0.0,6577618.3252,17240436.6832,-0.1578,11.2053,20.712,-1.2055,201.0712,428.9918,0.0,69202.0,0.0,72.7418,965.0,0.0,171.4573,1355.74,0.0,581.8044,1384.0,0.0,31290.6256,69202.0,0,1,181.28,429,0,1,0,KMeans cityblock,5.0,0.68
1010,150,571,0,3.8067,20,1.097,4.6272,173.5141,1.0,4.58,173.0,1.0,4.4267,170.0,0.306,1.3136,13.7017,0.0936,3.3372,187.7369,-3.1139,0.0383,2.4108,-1.6651,-0.2515,14.9092,0.0,203.0,1.0,3.6267,167.0,1.0,4.58,173.0,1.0,5.6533,180.0,2.0,5.7467,141.0,0,3,5.7467,70,0,0,0,Agglomerative cosine,7.0,0.13
4897,11,3827,0,347.9091,3796,7.6919,251.0386,2009.6586,0.0,244.888,2009.0,0.0,225.408,2007.0,3.1976,33.5139,164.5932,10.2245,3494.592,27090.9284,0.2414,1.8438,4.0734,-1.1208,7.5193,29.979,0.0,2015.0,0.0,224.318,2007.0,0.0,244.888,2009.0,13.4,272.468,2012.0,10.0,162.09,658.0,0,11,401.1,659,0,0,0,KMeans cosine,5.0,0.5
240,42,240,0,5.7143,80,0.8375,1204.5792,23908.9625,1.0,1164.0171,23168.5,0.0,1034.2102,21547.0,0.9477,203.9189,3247.1616,0.8982,502187.4933,10544058.6304,-0.4503,0.6124,1.801,-1.4327,0.4262,3.98,0.0,35130.0,0.0,1058.9107,21577.0,1.0,1164.0171,23168.5,1.0,1350.7679,26294.0,5.0,1174.7381,18763.0,0,6,81.6429,236,0,1,0,KMeans cosine,6.0,0.4
395,33,0,0,0.0,0,0.3342,3.3172,16.6962,0.0,3.2121,17.0,0.0,2.9091,16.0,0.2195,1.2501,8.0031,0.0482,3.9349,64.0495,-2.608,0.4563,4.1148,-2.0089,1.4348,21.7191,0.0,75.0,0.0,2.5455,16.0,0.0,3.2121,17.0,0.0,4.0909,18.0,1.0,6.1818,75.0,0,2,5.7273,34,0,0,0,KMeans cosine,7.0,0.31
649,33,0,0,0.0,0,0.2219,3.3087,16.7442,0.0,3.0909,17.0,0.0,2.9394,17.0,0.2378,1.0706,4.6408,0.0566,2.0641,21.5366,-2.5869,0.4453,3.7106,-2.0027,1.0451,11.8049,0.0,32.0,0.0,2.6061,16.0,0.0,3.0909,17.0,0.0,4.0303,18.0,1.0,4.9394,32.0,0,2,5.3636,24,0,0,0,Agglomerative cosine,10.0,0.3
1000,8,0,0,0.0,0,1.355,26.7549,69.169,1.0,26.75,70.0,1.0,27.25,74.0,0.4788,6.1842,15.1957,0.2292,84.9279,230.908,-0.2894,0.0571,0.607,-1.9988,-0.9689,0.275,0.0,100.0,1.0,22.5938,59.0,1.0,26.75,70.0,2.0,31.25,79.0,1.0,35.625,100.0,0,2,30.875,81,0,0,0,Agglomerative cosine,7.0,0.47
2416,7,0,0,0.0,0,182.9166,796408.8232,5572721.6887,208.87,654381.8671,4578400.0,1.0,94519.8771,661500.0,116.8576,712728.7854,4987809.1519,13655.6966,3554034384720.177,24878240135661.91,-0.0144,0.3122,2.1652,-1.2,0.4344,7.4283,1.0,47065000.0,33.5875,271435.9111,1899275.0,208.87,654381.8671,4578400.0,262.1025,1052042.1829,7361150.0,657.55,6707504.1429,46946500.0,0,2128,2236.1429,2416,0,0,0,KMeans euclidean,4.0,0.58
161,8,0,0,0.0,0,8.3642,4269.8731,33421.441,9.0833,4154.0521,32906.0,-80.0,1256.9896,10001.0,17.267,2854.3792,20826.5344,298.1493,54600713.1928,433744534.8606,-0.2967,0.7549,5.2006,-1.2187,2.6758,26.1463,-175.0,82506.0,-60.85,1712.1729,13601.0,9.0833,4154.0521,32906.0,36.1167,4344.0458,34150.0,63.0,10435.4979,72505.0,0,64,138.375,161,0,1,0,Agglomerative cosine,2.0,1.0
480,17,0,0,0.0,0,1.3646,12.7142,54.7979,1.0,12.7941,65.0,1.0,11.4706,80.0,0.4818,8.0876,33.08,0.2321,209.8982,1094.2868,-0.3424,0.3745,0.9251,-2.0066,-1.2757,0.0289,0.0,100.0,1.0,5.0441,20.0,1.0,12.7941,65.0,2.0,19.7647,84.0,1.0,26.6471,100.0,3,2,24.7059,90,0,0,0,DBScan cosine,0.11,0.53
1353,10,0,0,0.0,0,-0.2587,0.0225,0.3274,-1.0,0.2,1.0,-1.0,0.0,1.0,0.3186,0.7972,0.976,0.1015,0.6691,0.9525,-0.6693,0.1979,2.4231,-1.8656,-0.937,3.8772,-1.0,1.0,-1.0,-0.8,0.0,-1.0,0.2,1.0,0.0,0.7,1.0,1.0,1.9,2.0,3,2,2.8,3,0,0,0,Agglomerative cosine,9.0,0.33
470,17,0,0,0.0,0,1.0043,5.2463,62.534,1.0,4.9741,62.0,1.0,4.9224,62.0,0.0652,1.5499,11.7679,0.0042,12.7918,138.4825,-1.8015,3.7117,15.2805,-1.3492,34.9313,232.4829,0.96,87.0,1.0,4.6212,57.0,1.0,4.9741,62.0,1.0,5.6404,69.0,1.0,10.4824,85.34,2,2,20.6471,136,0,1,0,Agglomerative cosine,2.0,0.99
4339,6,0,0,0.0,0,1.9829,173.1738,534.1047,2.0,167.4622,528.5,0.0,196.2135,674.0,0.1295,50.1397,154.4955,0.0168,5259.3456,23868.8595,-7.4626,0.7994,5.2736,-0.4035,25.6551,53.7157,0.0,1005.5161,2.0,143.2414,422.875,2.0,167.4622,528.5,2.0,194.7812,643.087,1.0,456.3476,919.0161,2,2,3389.3333,4311,0,0,0,Agglomerative cosine,11.0,0.54
2000,8,0,0,0.0,0,-81.7265,-54.9171,2.5,-83.0,-56.0625,2.5,-87.0,-58.125,1.0,1.1183,6.8484,11.472,1.2506,58.6072,131.6064,-0.2901,0.3454,1.0606,-1.3604,0.0282,1.3071,-98.0,4.0,-87.0,-60.0312,1.75,-83.0,-56.0625,2.5,-78.0,-50.4688,3.25,3.0,39.875,66.0,0,4,37.375,59,0,0,0,Agglomerative cosine,4.0,0.54
